"","(Intercept)","amt","arid","clay","pcoldq","proportion_cover","pwarmq","th","ts","class","correlation","REML","df","logLik","AICc","delta","weight"
"AEM gen",1.0664563485608,-0.167992054849399,-0.0697361593050013,0.0366512592215805,0.0696624477829036,0.0253606088569265,0.119237385189231,0.0294548424824335,-0.0384727414396024,1,2,2,12,-248.868177930092,522.20064157447,0,0.667074166803862
"AEM gen",1.06760792096019,-0.175339900920846,-0.0635195826382328,0.0378241224292616,0.0636412911349619,0.0265982094453115,0.136280903691079,0.0283057134071432,-0.0254858796343573,1,4,2,12,-250.254425347374,524.973136409033,2.77249483456308,0.166776370640188
"AEM gen",1.06039887489596,-0.174513762693425,-0.0804259466571004,0.0352854812657028,0.0803998916320892,0.0220127679161585,0.0889090391418807,0.0293904735386968,-0.0677661239111333,1,5,2,12,-250.265881690146,524.996049094577,2.79540752010644,0.164876626211653
"AEM gen",1.06271005975482,-0.193096703644848,-0.0552461138389065,0.044821786031498,0.0550447139792926,0.0229758648615506,0.157894161337432,0.0268845678974724,-0.0163321249662014,1,3,2,12,-255.129831412199,534.723948538684,12.5233069642136,0.00127283634429729
"AEM gen",1.10145311454577,-0.174038595995143,-0.0712471240462424,0.0289030475515679,0.159390572914094,0.00359074382600644,0.422377050431218,0.0221217687159276,0.212771013476413,2,1,1,10,-402.437523696593,825.201456888735,303.000815314264,1.06753733082299e-66
"AEM spp",1.96554897814208,-0.277747601326807,-0.149122273042773,-0.021027116222399,0.00591626071884426,0.373955857939401,0.107628498478827,0.0737790428271737,-0.320976489814039,1,2,2,12,-283.650781499282,591.789062998564,0,0.535857986366057
"AEM spp",1.97027793586719,-0.277735036585926,-0.151700366281423,-0.0225771062251362,0.00780368899446496,0.374882331785041,0.10807270593788,0.0732203611993872,-0.318752933178221,1,4,2,12,-284.067898339752,592.623296679505,0.834233680940997,0.35310036431136
"AEM spp",1.95711822078307,-0.286766674362595,-0.14813050878229,-0.0219071769080311,0.0103242079637601,0.381692268590614,0.121867163007464,0.0721620564389402,-0.321395060181724,1,3,2,12,-285.478599316514,595.444698633029,3.65563563446494,0.0861466742390635
"AEM spp",1.95879375425719,-0.259702264036264,-0.135302853503857,-0.0203852523237513,-0.00285195949461962,0.378860458231044,0.0819927220186499,0.0759476059882278,-0.327995708021138,1,5,2,12,-286.719984695207,597.927469390413,6.13840639184946,0.0248949750835197
"AEM spp",1.84771024829227,-0.26398746362225,-0.176151577546421,-0.0298969536845703,0.103814086478267,0.524985584970394,0.198880674161093,0.0718909959690374,-0.278690936005285,2,1,1,10,-354.127346959199,728.597373046123,136.808310047559,1.05075784630741e-30
"All Andropogoneae",1.45516400003706,0.236434693130734,0.0422728349534311,-0.0714404969082058,-0.121986363150241,0.310182404575764,0.0573247975190521,0.0411380251947087,-0.0717253246977421,1,5,2,12,-225.053788716544,474.785838302652,0,0.608811548309752
"All Andropogoneae",1.4553329928948,0.267180624812065,0.0485791617516313,-0.0722705619492795,-0.133495513242234,0.320681478538195,0.0691717086363623,0.0436217504360203,-0.073833021308856,1,2,2,12,-225.53427523855,475.746811346666,0.960973044013826,0.376539235637916
"All Andropogoneae",1.49864562213351,0.392307893076018,0.0794791480676505,-0.0743333695775463,-0.186647042193872,0.364805092751894,0.118303655282187,0.0526570516352046,-0.0801655872686844,1,4,2,12,-228.818278641583,482.314818152731,7.52897985007871,0.0141119061701195
"All Andropogoneae",1.49744299450967,0.427872545047037,0.0859745853063326,-0.0713872847889235,-0.204607186110554,0.391229009708007,0.142414816195012,0.0540423609335833,-0.0808992313793186,1,3,2,12,-232.086477780944,488.851216431452,14.0653781288001,0.00053730988221252
"All Andropogoneae",1.30172044053253,0.45148981323467,-0.127313406799347,0.00128052497171701,-0.115131596047068,0.648933456224969,0.519525638096145,0.0378368428245819,0.00109597921403747,2,1,1,10,-318.534700359318,657.545591194827,182.759752892175,1.25518223602616e-40
"All C3",1.56228700121005,-0.708573250836744,-0.233097157465194,0.0143833836576466,0.0581830528388963,0.198134577806479,0.190464047629369,0.0621234859317832,-0.367818825389241,1,3,2,12,-185.498502912274,395.685747546403,0,0.654363705407869
"All C3",1.56062674936913,-0.676461623280819,-0.221235955755211,0.0097469511469335,0.0472367502104709,0.203668353335187,0.178771854320522,0.0657769252218819,-0.36834092482317,1,4,2,12,-186.618615361578,397.925972445011,2.24022489860795,0.213481648196728
"All C3",1.56105551718618,-0.680947563080935,-0.221044870307905,0.00969768103737617,0.0491174724139747,0.201651351711209,0.176596332403829,0.0663775325098985,-0.367431167503745,1,2,2,12,-187.155128212686,398.998998147227,3.31325060082418,0.124840637127495
"All C3",1.53596356299785,-0.601898835187835,-0.19690501757282,0.00284027096942309,0.0372720354385536,0.187490802711238,0.145616172792196,0.0746002414177165,-0.34478854301182,1,5,2,12,-189.992374646756,404.673491015366,8.98774346896312,0.00731400926790737
"All C3",1.51312169693674,-0.627733011084744,-0.333120468014343,0.0231878467199276,0.220291595307435,0.381913927002601,0.269208860683787,0.0540551836163901,-0.3265088483314,2,1,1,10,-261.204803364172,542.89312321186,147.207375665457,7.08180117392116e-33
"All C4",2.89158351719387,0.490144103678648,0.0550712303406156,0.00986706479499156,-0.210492472949334,0.138904403186126,0.0788896677128519,0.0609447051936566,0.0718687693895971,1,2,2,12,-379.115532550269,782.681281550755,0,0.846331581934601
"All C4",2.83079868791374,0.399638380533223,0.0736236945464263,0.00333232363307704,-0.224159828044402,0.122642907810588,0.0268379419821294,0.0508651003086191,0.0380091441571443,1,5,2,12,-381.108421994887,786.667060439991,3.98577888923546,0.115355859282967
"All C4",2.91270304453874,0.506062798509788,0.0381904105032463,0.0183032573715498,-0.206517038008177,0.142486568341108,0.124664123195373,0.0632878143646508,0.0973432025475556,1,4,2,12,-382.21078850041,788.871793451036,6.19051190028131,0.0383078667588209
"All C4",2.91682041846249,0.50265205259752,0.0677797935827621,0.0161072281933315,-0.229302686326276,0.14875792478127,0.11760785789506,0.0536820087760594,0.102746602254601,1,3,2,12,-391.218335089913,806.886886630042,24.2056050792867,4.69202361107658e-06
"All C4",2.88764545679693,0.403872645330569,-0.20606634181712,0.096126228997783,-0.106580609577198,0.238464363144008,0.584483893979776,0.0459774164215843,0.248994816504661,2,1,1,10,-543.821621683817,1107.95979013022,325.278508579469,1.96883748119908e-71
"All Chloridoideae",1.95870632929202,0.155650996333623,-0.37778770638312,-0.00891911602390285,0.014687189931917,0.302954124808376,0.0683551830035441,0.056102923446797,0.0333020694833787,1,5,2,12,-293.920361821389,612.323695779001,0,0.544936906441457
"All Chloridoideae",1.98523964220274,0.20082631831866,-0.36954261418867,-0.00864317583009394,-0.00386889478433265,0.313468607500465,0.0889484707432985,0.0607018289348485,0.0240516276754284,1,2,2,12,-294.112635969864,612.708244075951,0.384548296949561,0.449616893097706
"All Chloridoideae",2.02625816595342,0.303285102601802,-0.346220974662088,0.000723394159012414,-0.0498612907200842,0.350257541374588,0.1679225669492,0.0692250174719692,0.0302094567980865,1,4,2,12,-298.529611045128,621.542194226479,9.21849844747794,0.0054271861555014
"All Chloridoideae",2.01559896373118,0.298515959639311,-0.339849892875519,0.00430960150636987,-0.0489370513517924,0.376661242477041,0.174451837594261,0.0647954506890028,0.015678085713349,1,3,2,12,-304.183595512072,632.850163160368,20.5264673813663,1.90143053354706e-05
"All Chloridoideae",2.04093590595386,0.210791618880823,-0.340843232820814,0.0892544388691584,-0.122511879700079,0.388677733792074,0.500038369710031,0.0519314061219545,0.243627530615376,2,1,1,10,-422.365232555357,865.069971283553,252.746275504552,7.13164694886274e-56
"All Micrairoideae",0.546417213234228,0.79982895459743,-0.125712665076192,0.00768156181800447,0.298937536048218,0.434288376869809,0.0313778052614449,0.120479781299793,-0.209429140091464,1,2,2,12,-79.2653327376331,184.583297054214,0,0.356599036985807
"All Micrairoideae",0.561540179147184,0.786422250846595,-0.128164183491189,0.00893435688530444,0.300353452920358,0.426907706173693,0.0265678327831101,0.120333452199151,-0.221123395677167,1,4,2,12,-79.3490626669406,184.750756912829,0.167459858614961,0.327956860075278
"All Micrairoideae",0.561310905811218,0.788116115438219,-0.152744736911224,-0.00290282914338087,0.297895813528524,0.421046417195799,0.0692092238903505,0.11443288770213,-0.191336907341439,1,3,2,12,-79.4292424416741,184.911116462296,0.32781940808195,0.302687917913777
"All Micrairoideae",0.456194513570956,0.85200290958091,-0.0284675273010149,0.00973453261409031,0.264924081897759,0.486236645330446,-0.0448164076678838,0.143035528766274,-0.198521771063018,1,5,2,12,-82.595930744514,191.244493067975,6.6611960137617,0.0127561562473152
"All Micrairoideae",0.61326812345474,0.608296050859626,-0.162981068096019,-0.0656214757838404,0.140261586065334,0.425904741019326,0.126373940866134,0.150044647381084,-0.173029241305231,2,1,1,10,-97.9098803443537,217.248332117279,32.6650350630651,2.87778222955732e-08
"All Paniceae",1.79176193403077,0.497295442354728,-0.202501218945911,-0.00302567739432191,-0.0253555436687692,0.24301068724043,0.203403005228651,0.0773020914561866,-0.0102418139890502,1,2,2,12,-263.647616991036,551.993220559254,0,0.690050459321331
"All Paniceae",1.81077708645861,0.456654932154556,-0.192934942676036,0.0116387820468345,-0.0411669549326647,0.258458758899016,0.234596581362997,0.0723996627509374,0.0136787863534383,1,4,2,12,-264.771010195895,554.240006968972,2.24678640971774,0.224386838397264
"All Paniceae",1.77539267917722,0.514635913533666,-0.192904014296007,-0.00971599923784349,-0.0189027135886326,0.229200593959728,0.179274342340684,0.0801371396647649,-0.0177592858415184,1,5,2,12,-265.739242576532,556.176471730245,4.18325117099107,0.0852117332770743
"All Paniceae",1.83886314919833,0.387504654468874,-0.170740107146366,0.0330967868060543,-0.0760586288332041,0.277850466634057,0.285446800415751,0.0633852012127739,0.0565888245831521,1,3,2,12,-271.231439081572,567.160864740325,15.1676441810712,0.00035096900433027
"All Paniceae",1.85505849735776,0.253600173230861,-0.356075261692957,0.0812920147557691,-0.0725052155757092,0.298472516148517,0.545584573791237,0.0534551405000499,0.0806835495809533,2,1,1,10,-359.955886352696,740.401750433676,188.408529874422,8.44283720565323e-42
"All species",3.25364696064043,0.0704486219647993,-0.0809444714569231,0.0107958313798424,-0.053352935875467,0.268679074924415,0.0701665899292964,0.0990539243207241,-0.153993472982523,1,2,2,12,-311.028051303896,646.459203382985,0,0.845098751182843
"All species",3.22645132634463,0.0861451876938522,-0.0637766189439477,0.0147104850466206,-0.0736860484255972,0.29715818690752,0.0753185435084681,0.096177831766673,-0.167447092935262,1,5,2,12,-312.962971321922,650.329043419037,3.86984003605176,0.122062531635103
"All species",3.24834650376966,0.0886818225723268,-0.0759789167215919,0.0147793224524229,-0.0559244583917467,0.277742477502658,0.0891193548332914,0.0988953951034681,-0.152354118736472,1,4,2,12,-314.27604873015,652.955198235494,6.49599485250883,0.0328337207712426
"All species",3.24263826072339,0.0993038873754154,-0.0573052663973448,0.0218953400990497,-0.0718751493904453,0.287169977670078,0.110263050558522,0.100219813704584,-0.150136994424771,1,3,2,12,-323.066540251919,670.536181279032,24.0769778960466,4.99641081063895e-06
"All species",3.16857992897218,0.183223240994712,-0.116335918904373,0.0829777599991105,0.0767977827123703,0.39039397969302,0.32302079634257,0.129351176482308,-0.0323960710948785,2,1,1,10,-520.37693490066,1061.03737495596,414.578171572974,7.98732478108979e-91
"Ancient gen",0.122524654223891,-0.181417607598472,-0.0451033196525732,-0.103606646761841,0.0159701344574506,0.0527406805443209,0.112373873365901,0.00565062047798115,-0.042124992924398,1,3,2,12,-24.6446594891872,75.0927871864669,0,0.342931766065072
"Ancient gen",0.128264133276226,-0.181591484550897,-0.0498872226670993,-0.105077303795612,0.0165521922144026,0.0481832644911757,0.116285072373983,0.00720621986842558,-0.0386208004837396,1,2,2,12,-24.7388277722551,75.2811237526026,0.188336566135717,0.31211234763081
"Ancient gen",0.131583671642673,-0.182617104487228,-0.0498456472705276,-0.106527611374737,0.0161035118297597,0.0457604900706807,0.117488694461581,0.00723690739280802,-0.0374579058753922,1,4,2,12,-25.0082493332575,75.8199668746074,0.727179688140552,0.238398024949965
"Ancient gen",0.149015247896924,-0.172928209782812,-0.0937250419691141,-0.116725607766274,0.0457709947727354,0.0490672251850415,0.176850167799377,0.0111280529920368,-0.0145673471753744,1,5,2,12,-25.977853710038,77.7591756281684,2.66638844170154,0.0904084081670655
"Ancient gen",0.182785238850859,-0.1799499322907,-0.103530338690389,-0.149475514945437,0.0586423893306166,0.0150476229867984,0.215160281887833,0.00620506005888883,0.00516175522674904,2,1,1,10,-29.9734674685726,81.204077794288,6.11129060782108,0.0161494531870872
"Ancient spp",0.224266409004588,0.0147449227091123,0.0220516206160203,-0.0429578948114398,0.00569823975510047,0.258025281350534,-0.180691921325432,0.0260670027603429,-0.394656540233402,1,3,2,12,-83.7290690615502,193.261606331193,0,0.298026797775618
"Ancient spp",0.211499704855218,0.00621064811238208,0.0493750714909124,-0.0320866829512936,-0.0120700000813715,0.250875899374905,-0.224423577806306,0.0228454560035677,-0.408165516066558,1,5,2,12,-83.8191817361889,193.44183168047,0.180225349277407,0.27234529639693
"Ancient spp",0.239320936204921,0.0131299737035316,0.0175148268487794,-0.035865766721306,0.014099127877645,0.246058183562399,-0.201091550499405,0.0270665660502445,-0.402513895415084,1,2,2,12,-83.9896865878904,193.782841383873,0.521235052680481,0.229652174973055
"Ancient spp",0.236390468538321,0.00624861435226202,0.0275967297514201,-0.0393739290417531,0.00459548905833271,0.249147378676768,-0.201601833312916,0.0258398599953535,-0.40031554430666,1,4,2,12,-84.1280564561572,194.059581120407,0.797974789214095,0.199975730818364
"Ancient spp",0.275547638749508,0.0730674811460958,-0.2189871210037,-0.123503666341955,0.216900852790166,0.344460267461539,0.132579058597432,0.0138181658984523,-0.325943082487564,2,1,1,10,-108.838237068716,238.933616994576,45.6720106633828,3.60333144937366e-11
"C3 AEM gen",0.594121569117409,-0.157891713386941,-0.139412365589868,0.019177455900817,0.131969237824301,0.262766102103405,0.0830556713988112,0.0218776943319979,-0.315818281755094,1,5,2,12,-112.105604109019,248.909194795219,0,0.594959071128519
"C3 AEM gen",0.619181557630725,-0.192456230223185,-0.14061281456144,0.025552741333312,0.12738034627785,0.248053144815572,0.110681472856394,0.0191626359482312,-0.277070160097161,1,4,2,12,-112.858129725999,250.414246029179,1.5050512339601,0.28032986475554
"C3 AEM gen",0.638508386732746,-0.168813469261714,-0.133680746657036,0.017175421271027,0.127517608004319,0.243922925393892,0.0957596235862319,0.0241873810775637,-0.258625742009355,1,2,2,12,-113.941682942578,252.581352462337,3.67215766711797,0.0948611061833196
"C3 AEM gen",0.61937793707219,-0.227155624894847,-0.13723153586655,0.0363078776387632,0.12392423890237,0.239213047989675,0.132691627290739,0.0141191963292355,-0.262722051875762,1,3,2,12,-115.097913293634,254.893813164449,5.98461836923025,0.0298499579326215
"C3 AEM gen",0.835727968269517,-0.161955330645637,-0.106099130797257,0.0318862681614584,0.211822268202257,0.0874700106499083,0.357860843623673,0.0431368837771473,0.0706116053023592,2,1,1,10,-254.447740107544,529.385457943373,280.476263148154,7.41037857489141e-62
"C3 AEM spp",1.45533942341591,-0.739110499883315,-0.260615732367774,0.00426858243142659,0.0596071599817072,0.207969380487641,0.199964755824381,0.0477545498594436,-0.290975050862548,1,3,2,12,-197.948064599982,420.603612193162,0,0.678399692759382
"C3 AEM spp",1.4507117244034,-0.711690913420828,-0.243696738267495,0.00110380567523337,0.046232386676396,0.213019833844211,0.182901237139196,0.050998187631382,-0.295250629987019,1,4,2,12,-199.358766014032,423.425015021262,2.82140282809951,0.165510596099461
"C3 AEM spp",1.45153403588637,-0.719105660352962,-0.249160947917598,0.00189202090831605,0.0524897612711189,0.212374496890235,0.185999118763157,0.0509387660292835,-0.293077071061132,1,2,2,12,-199.417962198013,423.543407389223,2.93979519606046,0.155997352126483
"C3 AEM spp",1.39254182831974,-0.578482165801633,-0.195180976112799,-0.00360082500384785,0.00994079551068075,0.222379719609697,0.145066070517972,0.0650467768863724,-0.279323757174662,1,5,2,12,-206.849873194441,438.407229382079,17.8036171889173,9.23590146741145e-05
"C3 AEM spp",1.41814528702602,-0.662281174222965,-0.375732648550215,-0.00342303895659732,0.210697973614636,0.377271075777654,0.300191549972821,0.0393038546592699,-0.25765324688422,2,1,1,10,-258.134120552179,536.764855099844,116.161242906682,4.04941455808261e-26
"C3 Recent gen",0.124576667790861,-0.0858833182404155,-0.114049778021001,-0.00363529815624509,0.0324082229820239,0.0711646165117632,0.19109130840672,0.0121476862261887,-0.08187032875181,1,5,2,12,-11.503201743115,48.9323294121559,0,0.25641584121942
"C3 Recent gen",0.1252287383994,-0.0877614452936021,-0.111572891058037,-0.00394583712513439,0.0302623994380398,0.0709290555773932,0.191289054218633,0.0116605427196092,-0.0800682983121903,1,3,2,12,-11.5234004787615,48.9727268834489,0.0403974712930335,0.251288522428387
"C3 Recent gen",0.128073579674586,-0.0917953871284435,-0.104584642201995,-0.00428022798676696,0.0251507890995717,0.0719672083558525,0.190813196354625,0.0104230642232286,-0.0738372899073425,1,2,2,12,-11.5748622848335,49.075650495593,0.143321083437115,0.238683871896608
"C3 Recent gen",0.141175421567338,-0.0961492581810438,-0.0946800700533896,-0.00430010561313066,0.0172935999719866,0.0677688829687065,0.187597322183838,0.0100833753288516,-0.0641091645929921,1,4,2,12,-11.6751758676338,49.2762776611934,0.343948249037567,0.21590238448305
"C3 Recent gen",0.0409764729948676,-0.0660347942246106,-0.115320032219358,0.00204381883935897,0.0580217662860781,0.155486704758197,0.185496062016598,0.00364857030531274,-0.101576426970764,2,1,1,10,-15.7123246359814,52.766112686597,3.83378327444113,0.0377093799725351
"C3 Recent spp",0.308581047393955,-0.480039003505466,-0.109659795247149,0.0711297492682107,0.0156837541779788,0.144175836556449,0.123951353782832,0.0344942495384559,-0.465324854290962,1,3,2,12,-79.3740868611063,184.674099648139,0,0.327147410141764
"C3 Recent spp",0.298526490330842,-0.482943807536387,-0.112787359019926,0.0725955635936118,0.0162059912248214,0.146908139773831,0.121320733573242,0.033403699709241,-0.479097857814252,1,5,2,12,-79.4255437779121,184.77701348175,0.102913833611524,0.310739191576889
"C3 Recent spp",0.38442925920793,-0.459693724640811,-0.0900746741550168,0.0681716333267357,0.00710578482739084,0.104699713793431,0.118644695219467,0.0411095853947129,-0.418141551316788,1,4,2,12,-79.8954740894901,185.716874104906,1.04277445676757,0.194226234428055
"C3 Recent spp",0.376817796206718,-0.45390675180094,-0.0927270601146885,0.0691378313192978,0.010794404873501,0.106773075417079,0.111703324537133,0.0422717756948104,-0.430392383710501,1,2,2,12,-80.0412056184156,186.008337162757,1.33423751461851,0.167887163438883
"C3 Recent spp",0.100106876624924,-0.466138811613136,-0.16342911590305,0.10976128489569,0.0669834372780154,0.266905184762892,0.0367947876883842,0.048897227591541,-0.638044594321128,2,1,1,10,-102.153143060319,225.647749535272,40.9736498871333,4.1440831597029e-10
"Early endemic gen",0.434555280389519,0.0540666357694133,0.0472230328868191,-0.0210459642575399,-0.052457903843577,0.0124370908551094,0.0344232351856658,0.00841217381378405,0.0404208699185327,1,5,2,12,43.6114187029029,-62.2598744428428,0,0.5262235112587
"Early endemic gen",0.424280025733873,0.0444641096140772,0.055847241040154,-0.0209881318224456,-0.0526553707716278,0.0173250584290227,0.0110904893241331,0.00659794129868114,0.0268296166316175,1,2,2,12,42.6672936255246,-60.3716242880862,1.88825015475663,0.204711356822083
"Early endemic gen",0.459591968383725,0.0495522116270172,0.0699829714318518,-0.0252759739809052,-0.0457955623960935,0.0205220861798847,-0.0478925747178774,0.0053110757828104,0.0301251939959925,1,4,2,12,42.6332517125443,-60.3035404621257,1.95633398071709,0.197859871109248
"Early endemic gen",0.410371347310057,0.0847062372158558,0.019004229070456,-0.0208261538671917,-0.0461085692708556,0.031036824850093,0.134242316635516,0.0112160620838656,0.0537953728289031,1,3,2,12,41.6112593575423,-58.2595557521216,4.0003186907212,0.0712052608099682
"Early endemic gen",0.281832645667761,0.24244191155426,-0.0128215351271081,0.0161878762249692,0.00251943388477083,0.256393064658254,0.206787516827241,-0.00107747102333218,-0.071435341284511,2,1,1,10,-18.1805249081768,57.0358964421205,119.295770884963,6.55273708677475e-27
"Early endemic spp",0.993377750846173,-0.423957015767609,-0.413338710351278,-0.044275521864062,0.0314571702979235,0.245459067099977,0.0915407149714205,0.0424977875025091,-0.303411983540477,1,5,2,12,-172.675931400997,370.320806901373,0,0.480087028239828
"Early endemic spp",1.0082140779523,-0.404560852102989,-0.37801761710636,-0.0501882633974342,0.00769443910226434,0.24280361930914,0.064812252795858,0.0450940812202125,-0.309723032704193,1,3,2,12,-172.721326736686,370.411597572751,0.0907906713778175,0.458780581864418
"Early endemic spp",0.993074897753619,-0.425182626372255,-0.39151527864693,-0.0556744582592023,0.0108429933068431,0.252794118645614,0.0810554646430464,0.0372283418577121,-0.302050742590903,1,2,2,12,-175.403256250844,375.775456601068,5.4546496996943,0.0313948085503333
"Early endemic spp",1.00548844586377,-0.407802999481848,-0.363477178099951,-0.0589429642305486,-0.00540427059953487,0.244321295841559,0.0551756073523082,0.0414527280464495,-0.30397141031209,1,4,2,12,-175.457487186223,375.883918471825,5.56311157045184,0.0297375813454205
"Early endemic spp",0.848491217374971,-0.470766763759474,-0.614012361055372,0.0106762234646845,0.196678551712798,0.391374226792304,0.227719850009345,-0.00590682708408,-0.315008149982517,2,1,1,10,-219.047659317487,458.774330980653,88.4535240792799,2.9777022247084e-20
"Early gen",0.308205147491234,0.0584003468511778,0.0343137797476419,-0.00750532283245023,-0.0782936805454549,0.123143249399672,0.0630042602422485,0.0221644610689997,-0.0518953573330271,1,3,2,12,45.7640553905503,-66.6733162605527,0,0.643207363784023
"Early gen",0.29025601987014,0.0511168815837991,0.0484913315029513,-0.0107605320281653,-0.0743942514430468,0.119695787008277,0.0156516425394174,0.0211960258811329,-0.0608271724082143,1,4,2,12,45.1188821344933,-65.3829697484387,1.29034651211396,0.337408347480332
"Early gen",0.276648811916337,0.0428669534587127,0.0594620484286055,-0.0180680310319865,-0.0685468798521883,0.119800204413511,-0.0231209836894975,0.0192861462596079,-0.0734670901862301,1,5,2,12,42.0258283820988,-59.1968622436496,7.47645401690306,0.0153059272909965
"Early gen",0.255361435738577,0.0503083536110846,0.0521328524767815,-0.0181033867202954,-0.0633674716023648,0.115964329760395,-0.0127497651018795,0.0206409218912132,-0.0640193251900388,1,2,2,12,40.7032835251287,-56.5517725297094,10.1215437308433,0.00407836144464871
"Early gen",0.267353646364744,0.151026021087407,-0.0610332185006558,0.00704069969440329,0.00289628086741219,0.205625335130269,0.236771529029913,0.0338998440102106,-0.0525949177428594,2,1,1,10,-62.5205665224436,145.640588085759,212.313904346312,5.06958563289233e-47
"Early native  spp",0.0770698212276044,-0.237480219019015,-0.0261390586226634,0.0299554428307543,-0.0821014188484744,0.0809013566080549,0.198918049461217,0.0224206151967004,-0.0876198587015931,1,5,2,12,15.3024349561352,-4.87153657893715,0,0.466488587469624
"Early native  spp",0.0525032404243864,-0.195719237207129,-0.0161576813693232,0.0274921812813959,-0.0613702886152825,0.0985387979411539,0.167959572229763,0.0261412196867869,-0.0874547006300276,1,4,2,12,14.9493806051774,-4.16542787702146,0.706108701915696,0.327726429797486
"Early native  spp",0.0675518327434567,-0.233216572421226,-0.0368333781258649,0.0305102607590947,-0.0823485343253939,0.0822723383425953,0.217183692924918,0.0236355244807786,-0.084077073636619,1,2,2,12,14.4837604021906,-3.23418747104786,1.63734910788929,0.205728842236683
"Early native  spp",0.0395109383446089,0.0237202986823416,-0.150154073513363,-0.0149613336302512,0.0295273891848974,0.24871341441878,0.280977068854991,0.032067177077437,-0.127757960081709,1,3,2,12,6.26176513106515,13.209803071203,18.0813396501402,5.5274905092754e-05
"Early native  spp",-0.0240229794745039,0.0778806505006881,-0.199817634362649,-0.0103701193274218,0.0845251002788608,0.342971134844783,0.280932838754987,0.0407304680080361,-0.166003139471362,2,1,1,10,-0.157167576857327,21.5231263625059,26.394662941443,8.65591114643652e-07
"Early native gen",-0.0100401272959212,-0.0479675537804061,0.022947071704944,-0.00846734447897217,-0.0973083834048058,0.137519022267859,0.124070530114215,0.0411198271035446,-0.0467899910170178,1,3,2,12,54.4665768272977,-83.1998203212621,0,0.319319851643436
"Early native gen",-0.00698183489377087,-0.050111869738797,0.0237764585782849,-0.0113112979584608,-0.10094870299338,0.135949018664611,0.128441926264814,0.0391481502822913,-0.0456477595723872,1,5,2,12,54.4144777741901,-83.0956222150469,0.104198106215222,0.303109527493426
"Early native gen",0.00535126778836217,-0.0705712648956563,0.038989497080873,-0.00443731444865895,-0.103877767288683,0.113665021667601,0.103511408467329,0.0404520120089497,-0.0391349546231167,1,4,2,12,54.0132828004044,-82.2932322674755,0.906588053786606,0.202937742189731
"Early native gen",0.0135237723454384,-0.0926097920652848,0.049291435349535,-0.00265512069105774,-0.110223792264379,0.0960543387454829,0.0930851602491593,0.0377532571850111,-0.0344537077561891,1,2,2,12,53.8409899623625,-81.9486465913916,1.25117372987052,0.170819322652673
"Early native gen",-0.077600252328441,0.0264240558975648,-0.0426529168622399,-0.00453180259939879,-0.0222649891022486,0.258157787503684,0.133022715631492,0.0401692023529901,-0.103933292185853,2,1,1,10,47.7766745874749,-74.3445579661586,8.85526235510355,0.00381355602073417
"Early spp",1.10918379928413,-0.463735349218925,-0.414392720246424,-0.066637089053531,0.0312449435657253,0.283862583037484,0.302762984856016,0.0395307357581721,-0.216147352856952,1,2,2,12,-172.547435334004,369.956749121047,0,0.467380370441802
"Early spp",1.10022279235658,-0.47001285556138,-0.415022005148286,-0.0639725839539818,0.0311846168434962,0.288399277554412,0.305484483266839,0.0386617307556959,-0.219724026155109,1,4,2,12,-172.857679744976,370.577237942991,0.620488821944946,0.342714936571424
"Early spp",1.09889437515782,-0.437428850561212,-0.435195475338784,-0.0678898643832058,0.0465690050404031,0.310445497255024,0.297186413012954,0.0418814900669537,-0.245118888364664,1,3,2,12,-173.491285599651,371.84444965234,1.8877005312936,0.181870184069619
"Early spp",1.16156154820681,-0.460928078629161,-0.310604568929729,-0.0602535868118352,-0.0349615286303082,0.22123450732085,0.258409879004405,0.0467595235850083,-0.136920295426553,1,5,2,12,-176.610832878526,378.083544210091,8.12679508904489,0.00803450891715549
"Early spp",0.915796539539878,-0.319264899063431,-0.644194644910138,-0.0840385620386167,0.207593713004326,0.619340876338005,0.320699231313229,0.0263960555424979,-0.440056459904703,2,1,1,10,-229.623880033806,479.852155672008,109.895406550961,6.40009090562117e-25
"Endemic Andropogoneae",0.816535681023052,0.416562800034215,0.0431692098997472,-0.0283505356606846,-0.0920405768716665,0.666212337921232,0.128068540629799,0.0348037847003076,-0.115648825057655,1,5,2,12,-184.873272797966,394.756254333797,0,0.538279333891197
"Endemic Andropogoneae",0.826440085460882,0.392128480089728,0.0272669591300277,-0.0248974593744649,-0.0828004872533937,0.644573780926002,0.0995669172166311,0.0363502069434129,-0.142065813343212,1,2,2,12,-185.451789106764,395.913286951392,1.1570326175945,0.301829209093807
"Endemic Andropogoneae",0.81674134091319,0.413856169669667,0.0135435627211317,-0.0243753264538041,-0.0788866888810032,0.661270382351258,0.124176341154357,0.0375303159401622,-0.138722409518079,1,4,2,12,-186.413508519723,397.836725777311,3.08047144351372,0.115369718116836
"Endemic Andropogoneae",0.823883815695827,0.425287485092073,0.115843362798338,-0.0282464754195244,-0.118065700407857,0.657927767184549,0.0750409970024625,0.0330170706771886,-0.0837140892828634,1,3,2,12,-187.365672846909,399.741054431683,4.98480009788591,0.0445217388981606
"Endemic Andropogoneae",0.647693893154989,0.42321882607294,-0.347535167619749,0.0379151757963433,0.0876521428565102,0.826108423629398,0.462446752672256,0.0321882324971512,-0.175563364738815,2,1,1,10,-229.074393867767,478.856183233926,84.099928900129,2.94401610481265e-19
"Endemic C3 Paniceae",1.47976715819,-0.764350926136017,-0.221630768048237,0.0146760103214192,0.0512575338595484,0.0767048643741175,0.0316767213297484,0.087999858405206,-0.260675223935247,1,5,2,12,-154.682481338524,334.148882275037,0,0.355194458402594
"Endemic C3 Paniceae",1.47725508699393,-0.755684491150747,-0.207740135675155,0.0137982198510844,0.0419061265899603,0.0745510264746006,0.0179589260016347,0.0863441349259368,-0.265312713319766,1,3,2,12,-154.901388219031,334.586696036052,0.437813761015377,0.285361994129454
"Endemic C3 Paniceae",1.47749763526072,-0.733881899030457,-0.203298094301153,0.0120688763937901,0.0405750490054558,0.0680775193550257,0.000468044492385214,0.0895389052099897,-0.265368344129726,1,2,2,12,-155.223748617195,335.231416832379,1.08253455734234,0.20672680334712
"Endemic C3 Paniceae",1.47445230758485,-0.730460621055309,-0.199488777525097,0.00954155729345087,0.0369128951189984,0.0724225365920071,-0.00290151490609633,0.088959744123844,-0.266383324280995,1,4,2,12,-155.526561888257,335.837043374504,1.68816109946738,0.152716744120832
"Endemic C3 Paniceae",1.34847463542668,-0.727763390770035,-0.40110144695804,0.0542695717510085,0.260488718044823,0.299034131408392,0.198919353444744,0.0658607743599742,-0.223304719830028,2,1,1,10,-225.644346076514,471.838692153029,137.689809877992,4.48233033158797e-31
"Endemic C3",0.576599880393719,-0.0535046496479076,0.149872707047569,0.0857992728631295,0.282384110330079,0.165296225520307,-0.50206491109641,-0.0372269133599667,-0.1892260799659,1,5,2,12,-7.53585107433115,47.738368815329,0,0.439933193841609
"Endemic C3",0.671397263053821,-0.295874128443171,0.239986315535495,0.0843154624313066,0.365972434578422,-0.156983459656627,-0.594744945343838,-0.0464738779317143,0.0913517968488597,1,3,2,12,-8.21841085063788,49.1034883679424,1.36511955261345,0.222307844200544
"Endemic C3",0.495988706314939,0.0617701665068568,0.21044416808539,0.0792315347174344,0.251958434060466,0.256613416163979,-0.487006896026606,-0.0356031536355038,-0.171120117819328,1,4,2,12,-8.40738725530609,49.4814411772788,1.74307236194987,0.184027775906809
"Endemic C3",0.731023858477181,-0.0363069509196735,0.165893240530128,0.0826485928772676,0.149528863472921,0.0475174149998319,-0.510697827678149,-0.0360742133333757,-0.288256265299823,1,2,2,12,-8.58784189351907,49.8423504537048,2.10398163837584,0.153643051403797
"Endemic C3",5.6332055618594,-0.399611580382651,-0.760973568473084,0.163785775403536,-0.975720038558575,-4.98724527100723,0.358376083905095,0.168617473544898,-0.556167563289796,2,1,1,10,-19.4899600003567,64.769393684924,17.031024869595,8.81346472420584e-05
"Endemic C4",2.4176025424331,0.514290855177211,0.0726585054111616,0.0380602753215468,-0.186506349909142,0.4078681725312,0.111980205541676,0.0806202498229487,0.141879493697543,1,2,2,12,-345.861705435695,716.189082513181,0,0.744077970988642
"Endemic C4",2.44215739224815,0.533321562351325,0.0640638604089501,0.0436206922734341,-0.190153866894199,0.399090848051087,0.146368682136482,0.0836730509052258,0.169339918380926,1,4,2,12,-347.173451315877,718.812574273545,2.62349176036469,0.200416950481659
"Endemic C4",2.28348240288848,0.375136237473558,0.0864953451961637,0.0318888576086244,-0.157322878446753,0.395509581473861,0.0246920589621047,0.0670901921756377,0.0919052028563905,1,5,2,12,-348.4596359972,721.384943636191,5.19586112301067,0.0553798200047565
"Endemic C4",2.47735553588703,0.523087533368914,0.0728503709868274,0.0555626376881378,-0.216415687539579,0.385967342272618,0.194537219720919,0.086195140213445,0.207048040058533,1,3,2,12,-354.551226742672,733.568125127135,17.379042613954,0.00012525852494264
"Endemic C4",2.48895180593427,0.458749410185288,-0.120461788751507,0.0949075466062626,-0.169005841546991,0.400318458291496,0.522919993473659,0.0935558164827008,0.307259010341206,2,1,1,10,-497.042480424709,1014.4123418018,298.223259288618,1.29795759775581e-65
"Endemic Chloridoideae",1.67529767667373,0.307201709599088,0.0212530237924013,0.0121328208809494,-0.18086182227534,0.316582886666558,-0.0181921523019431,0.0387721057970219,0.186730967961185,1,2,2,12,-314.167128286025,652.865772756037,0,0.632306301473885
"Endemic Chloridoideae",1.48786652076522,0.179198539210759,0.00788717206688813,0.0107090466782047,-0.134094308507551,0.276610585457732,-0.0821725633423941,0.0269703983182552,0.180689278233489,1,5,2,12,-314.774058166498,654.079632516982,1.21385976094552,0.344620582333524
"Endemic Chloridoideae",1.73355168242,0.376030689883111,-0.00561368935970815,0.0231474302601942,-0.199429555665973,0.340387900353793,0.0712265487722313,0.0462159328847873,0.207995658829103,1,4,2,12,-317.479628414426,659.490773012838,6.62500025680083,0.0230317523902981
"Endemic Chloridoideae",1.75182392089752,0.385926749011218,-0.0258323965247725,0.0204457739208974,-0.181709442973665,0.338931906002013,0.0870973167719731,0.0438932490762514,0.196718001948541,1,3,2,12,-323.801851338349,672.135218860684,19.2694461046476,4.13638022932248e-05
"Endemic Chloridoideae",1.6591637672158,0.264767216163287,-0.246756045936935,0.0904092022391071,-0.173966895866987,0.491473204694384,0.543196037557231,0.0184619001177571,0.368611677458618,2,1,1,10,-418.09892268215,856.571359795539,203.705587039502,3.68825821062171e-45
"Endemic Paniceae",1.83560638413132,0.425387347844073,-0.27968764112657,0.00984773310455242,-0.0254642570568482,0.00243511757014847,0.202551530190657,0.0912100225288087,-0.0603325277316374,1,2,2,12,-244.209764092442,513.188001091288,0,0.542603706865698
"Endemic Paniceae",1.85135777890468,0.425514179487275,-0.264387794697176,0.0169164784997324,-0.0336032864431297,0.00951760348793012,0.221130500069261,0.0883240799565438,-0.0250252307633409,1,4,2,12,-244.952157140002,514.672787186407,1.48478609511949,0.258264998643844
"Endemic Paniceae",1.87743665805361,0.411896236104652,-0.256062105162669,0.0199138301170324,-0.0493019073391078,-0.00149038695162382,0.220912871994912,0.0835992482085567,-0.0204578875543517,1,5,2,12,-245.230889143611,515.230251193626,2.04225010233836,0.19544014731407
"Endemic Paniceae",1.88098432499851,0.405406337365275,-0.216914596384235,0.029524838119717,-0.0702648764453009,0.0165966223535216,0.250831230080092,0.0802449601682392,0.0309119182301649,1,3,2,12,-249.200206026669,523.168884959743,9.98088386845507,0.003691147176388
"Endemic Paniceae",1.78313600575596,0.437532814300007,-0.461577781622847,0.0662676785174402,0.117899965485018,0.191887760383805,0.545241817394084,0.0953964429204324,0.105723672651104,2,1,1,10,-325.45232942542,671.443874537114,158.255873445827,2.34237526435299e-35
"Endemic species",2.99083932815316,0.00818426984392812,-0.0777948777833505,0.0170241099399002,-0.0383136478361939,0.267111331822279,0.0308888404655075,0.0950061737525083,-0.0984801539936722,1,2,2,12,-313.014179103012,650.431458981218,0,0.802009362708426
"Endemic species",2.9844535160844,0.0260342003034968,-0.0689417922625029,0.0204595158264629,-0.0437829505265885,0.274648242601324,0.0452058693962369,0.0950016198680703,-0.10088686425621,1,4,2,12,-314.890353802856,654.183808380905,3.75234939968686,0.12284772523068
"Endemic species",2.96756791590898,0.0213334186466677,-0.0518795198671549,0.0190207841969323,-0.0663367230885858,0.29408096154753,0.0327112641045793,0.0916160400427184,-0.110048374099485,1,5,2,12,-315.383701543935,655.170503863064,4.73904488184644,0.075008230016937
"Endemic species",2.98441071040242,0.0399216938203904,-0.0422746349959701,0.0303251421214628,-0.0648771839175904,0.280943641160747,0.0729884262786762,0.0959266502446158,-0.0943995050659129,1,3,2,12,-321.70613789342,667.815376562034,17.3839175808157,0.000134682043956875
"Endemic species",2.85866089106223,0.12884597328317,-0.111850374042405,0.0793095154551675,0.096514287197183,0.442003059885238,0.299954116385544,0.119278610294713,0.000497859163674111,2,1,1,10,-510.574160573134,1041.43182630091,391.00036731969,9.98914836881127e-86
"Height AEM",28.9231663283074,-2.86641910307615,-1.68248800039371,1.03571169347572,0.148808857256751,-0.342179480971764,1.009132944112,-0.18041028956132,-2.73545062033263,1,2,2,12,-1603.07113661079,3230.60655893587,0,0.799853506381389
"Height AEM",28.9418769946086,-2.89981601649721,-1.68056952228545,1.02963791572874,0.121643091347337,-0.322392611132798,1.02296868319997,-0.177751397631818,-2.73850899997054,1,4,2,12,-1605.0774607537,3234.61920722169,4.01264828581316,0.107565982607264
"Height AEM",28.7724545948776,-2.99392826330391,-1.70543955676078,1.07184195496684,0.135603506654989,-0.189555854183219,1.02724930922947,-0.208053048207042,-2.94244226171861,1,5,2,12,-1605.33723137042,3235.13874845512,4.53218951924555,0.0829579484521637
"Height AEM",28.7936721403873,-2.96742779277127,-1.68305482061937,1.08059087723192,0.141600680351857,-0.227794849589887,1.01707059763798,-0.212938712976509,-2.88961386958778,1,3,2,12,-1607.49145459717,3239.44719490863,8.84063597275599,0.0096225625591833
"Height AEM",28.9947646551808,-3.38348148444779,-2.12749686856265,0.63948815119262,-0.00827577264868731,-0.154911598531364,1.53026757133563,-0.0323404076835937,-2.64364484274932,2,1,1,10,-1727.57293873852,3475.47228697259,244.865728036717,5.38385315809795e-54
"Height All",35.4767821362317,-2.29226986806235,-1.6035037093541,0.552315547618774,0.0474712026374604,0.212521108090104,1.54082434949489,-0.000800205030179829,-2.82470172962615,1,5,2,12,-2168.83751644634,4362.00519162284,0,0.489268607171965
"Height All",35.426710594626,-2.36962128712472,-1.64319886524786,0.532990291255649,0.0603100784479929,0.23398456296234,1.60090455103676,-0.00382983885944163,-2.75543926622599,1,2,2,12,-2168.97509912919,4362.28035698853,0.275165365694193,0.426379141826744
"Height All",35.4757977967042,-2.3302087634451,-1.62521028585265,0.543293671467971,0.0618301912956848,0.206233777679473,1.56496033779276,-0.000841650758621589,-2.749635751126,1,4,2,12,-2170.61830956184,4365.56677785384,3.56158623100418,0.0824439379281398
"Height All",35.4803919469584,-2.27437047210948,-1.55924641331852,0.581013416121156,0.0321495820661351,0.191230855211796,1.50701575258233,-0.00793347811821634,-2.80653629306735,1,3,2,12,-2174.3842084399,4373.09857560996,11.0933839871177,0.00190831307315169
"Height All",36.0108848110319,-1.79127959800882,-0.777513229536662,0.668337401226214,-0.330487761363875,-0.39631573219205,0.796838980614206,0.450678410055928,-2.54323413600797,2,1,1,10,-2374.03729487994,4768.30690232589,406.301710703048,2.89902444913824e-89
"Height C4",26.8810107821587,-3.36174058976804,-2.36135250153963,0.643399654159968,1.70924402203139,1.42470314824286,1.62583995264515,0.480602974067634,-1.90416802452277,1,2,2,12,-1954.10518685281,3932.57358674405,0,0.999655294402303
"Height C4",25.5231946465499,-2.1495370080929,-2.05144287988094,0.64792603515976,1.18041270202427,1.6536937196177,1.91069103176492,0.587894963127958,-2.36605167856492,1,5,2,12,-1962.14153827907,3948.64628959656,16.0727028525089,0.000323375558204363
"Height C4",25.6411932992444,-2.27755229219825,-2.08957158655896,0.646415756452935,1.2794800553153,1.5704136083646,1.78327296983136,0.597002152266185,-2.26388998166624,1,4,2,12,-1964.86059193842,3954.08439691526,21.5108101712094,2.13224542446531e-05
"Height C4",25.5083346145522,-2.22028322677738,-1.96118826653008,0.642181715822565,1.07586869107404,1.71117634404447,1.77428028408589,0.630148534602646,-2.51018232318132,1,3,2,12,-1972.80190263037,3969.96701829916,37.3934315551169,7.58524789372241e-09
"Height C4",26.4754805350406,-0.441082588928812,1.40911236481225,0.954200191929341,-0.338861193763629,0.663846846159763,-0.20662467896939,1.18868077162355,-1.60375859250683,2,1,1,10,-2181.40040658825,4383.05633001737,450.482743273326,1.50926490095399e-98
"Height Recent",24.3209416987754,-1.93330921031091,-2.25260193122145,0.337078435610211,0.8909392056005,0.816251196060372,1.9716738378254,0.167588062519853,-2.27487346944055,1,2,2,12,-1881.84070381952,3788.04631991973,0,0.798934722227324
"Height Recent",23.9090356504076,-1.75941292124306,-2.20298042271626,0.340123106927882,0.789613435067422,0.864073894809647,2.06688409844304,0.181161529234718,-2.37528310235066,1,5,2,12,-1883.22376201268,3790.81243630606,2.76611638632585,0.20038109930666
"Height Recent",24.0293701702067,-1.63843444290139,-2.14787532997959,0.348214488535304,0.721683516274175,0.892419913654113,2.01030516374017,0.182649213310486,-2.38388397609097,1,4,2,12,-1888.90408647863,3802.17308523797,14.1267653182331,0.000683790690638588
"Height Recent",23.9007756710133,-1.52069887777246,-2.00635737089123,0.35869019354959,0.568972905597076,0.950322392420161,1.9982246176502,0.19761983396651,-2.48499280876127,1,3,2,12,-1896.37906737115,3817.123047023,29.0767271032701,3.87775378044789e-07
"Height Recent",25.198156830183,-0.179357563598285,0.147553015714979,0.657266410577375,-0.206255001368124,-0.362198503224911,0.548013485210289,0.869296091269313,-1.58902604600227,2,1,1,10,-2169.57531437227,4359.40733819611,571.361018276375,6.80836123459787e-125
"Homegrown C4 gen",0.10510077672547,0.00774413952087837,0.0295093875396984,-0.0169820429504303,-0.128170440871789,-0.0315040849294189,0.0428528655596836,0.00635686880587275,0.150229235416114,1,5,2,12,59.4135968516445,-93.0237254951965,0,0.368725131769384
"Homegrown C4 gen",0.105704309305325,0.00603502378004796,0.027283249791367,-0.0173364863016079,-0.128659140739961,-0.0319785946793012,0.0446294531744891,0.00533664062154551,0.149548836254429,1,3,2,12,59.2721592284297,-92.7408502487669,0.282875246429626,0.320093724795439
"Homegrown C4 gen",0.102477577557503,0.00323777960437339,0.0277082645345685,-0.0196610926751066,-0.132284671576253,-0.0316346215971973,0.0463028488567149,0.0046830900832183,0.149967415205208,1,2,2,12,58.7032884343916,-91.6031086606908,1.42061683450572,0.181225669749148
"Homegrown C4 gen",0.102767839343905,0.0105806755344313,0.0293594900924984,-0.0204205891590079,-0.124129856744819,-0.0335756152388905,0.0410566734832383,0.00545500842484377,0.148517361767082,1,4,2,12,58.3688332265779,-90.9341982450633,2.08952725013319,0.129708268602429
"Homegrown C4 gen",0.101963457501225,-0.00926138954021285,0.0346516342970683,-0.0220368460832179,-0.176566329684066,-0.0462596286309318,0.0630216612349575,0.00369875170231548,0.172318070791153,2,1,1,10,49.8328457211732,-78.4085485852034,14.615176909993,0.000247205083599765
"Homegrown C4 spp",0.639001641364101,0.855530004246655,-0.0153882204819564,-0.00191231521572997,0.0985351125700301,0.394093568625279,0.0838354122429257,0.145607078937228,0.0771237348304668,1,3,2,12,-97.4638709380127,220.752303279534,0,0.380007890323103
"Homegrown C4 spp",0.650592708954365,0.835269199642062,-0.0375231575772493,-0.00707566560447176,0.0971958249866749,0.383336077637828,0.104603363434258,0.141323260164964,0.0741667646567415,1,5,2,12,-97.5828068985862,220.990175200681,0.237871921146962,0.337395575307272
"Homegrown C4 spp",0.642662732807331,0.855070493149572,-0.00390934405324977,-0.00243922943220328,0.100434387255541,0.396781688867553,0.0676633349623786,0.144121140891212,0.0620398104088777,1,2,2,12,-98.4285770683194,222.681715540148,1.92941226061339,0.144819173695014
"Homegrown C4 spp",0.639637522773768,0.86440242022983,0.0161443269937695,0.000719303596110403,0.102533017900951,0.396974359927842,0.0483350965979455,0.146122819955401,0.0646846999898503,1,4,2,12,-98.4784587871626,222.781478977834,2.02917569829981,0.137772554183949
"Homegrown C4 spp",0.753936819399652,0.635205328644449,-0.0686519948929685,-0.0564033524923811,-0.032564519105964,0.331854529080787,0.156785898817961,0.162051449600803,0.0499645346884426,2,1,1,10,-111.018293559226,243.30826341903,22.5559601394959,4.80649066205371e-06
"Mid endemic gen",0.440563297387962,-0.144467818757974,-0.0579243702631732,0.0309617380794003,0.0837063082039548,0.00477215177290512,0.0449444896508751,0.0203272989809234,-0.087433992860161,1,2,2,12,-113.192847231954,251.048114846074,0,0.557037424379614
"Mid endemic gen",0.443327390426963,-0.150928697810288,-0.0482124855144367,0.031217896125139,0.0781117026951462,0.00222476897792782,0.0538474365074799,0.0199997630419516,-0.0724782724809576,1,4,2,12,-113.5696478478,251.801716077766,0.753601231691846,0.382157111620401
"Mid endemic gen",0.436471376990507,-0.112324738925921,-0.0821564501512112,0.0346774804723255,0.10321545917547,0.00686267673628072,0.0213471517602501,0.0219850953667992,-0.122889091969492,1,5,2,12,-116.030578003135,256.723576388436,5.67546154236194,0.0326192190372195
"Mid endemic gen",0.441892571681046,-0.173592535828343,-0.0346622231587023,0.036551954646217,0.0645686975670627,0.00488857383737413,0.0603975447036152,0.0160346621604686,-0.0666459374831751,1,3,2,12,-116.176645567147,257.015711516459,5.96759667038506,0.0281862449627648
"Mid endemic gen",0.475042359055748,-0.174846148672213,-0.038930400923928,0.0674731758303332,0.109576131786193,-0.0617425924807681,0.157211959478087,0.0308579241490341,0.0174345260740672,2,1,1,10,-163.242763877915,346.9506440349,95.9025291888259,8.33517572976392e-22
"Mid endemic spp",1.4461384777452,-0.0511920778585566,-0.120375422251078,0.00777436493849507,0.0961864046468272,0.223582657682409,-0.171990674138255,0.139612826657177,-0.292267365176327,1,2,2,12,-281.596515116331,587.862558129657,0,0.492294244989473
"Mid endemic spp",1.337594693248,-0.0335130561792866,-0.0857443111169136,0.0120942165084124,0.0601105166302014,0.238223100322727,-0.147523065181692,0.140601734948581,-0.327986777154182,1,5,2,12,-281.604141028199,587.877809953394,0.0152518237368895,0.488554330716557
"Mid endemic spp",1.34088363931487,-0.0262029463460874,-0.0618616125539627,0.0118497548372503,0.0426378036215715,0.258077480832761,-0.154963447223655,0.136402099841546,-0.339941313451247,1,4,2,12,-284.847969961104,594.365467819204,6.50290968954641,0.0190605690190392
"Mid endemic spp",1.30239123767524,-0.0312677407480121,-0.0171206032725905,0.0205422396649441,0.00565934374271072,0.273134159988333,-0.140038313181098,0.131694305658131,-0.362665445350855,1,3,2,12,-290.194079136833,605.057686170662,17.1951280410053,9.08552749300531e-05
"Mid endemic spp",1.1472565610714,-0.0297499978193096,0.150557183308784,0.027684584421499,0.0116105392373932,0.455347054198189,-0.0206621239793677,0.173495571708029,-0.206829818890622,2,1,1,10,-409.19678221032,838.863649890726,251.001091761069,1.54180768860737e-55
"Mid gen",0.618970031320797,-0.0413907395419881,-0.103864737832226,0.0154801037597259,0.117992325495028,-0.0250674630892377,0.0514279056138464,0.0489565598981278,-0.134547776685082,1,2,2,12,-151.467172342056,327.505773255541,0,0.606341980713792
"Mid gen",0.648086045512714,-0.0309241530113281,-0.110455470652927,0.01151729179254,0.130233098964729,-0.0395532151109127,0.0333287837902565,0.0515512497344939,-0.130009430549854,1,5,2,12,-152.103491660396,328.778411892221,1.27263863667986,0.320898486976927
"Mid gen",0.597525527929484,-0.0758260695663544,-0.0811957839155981,0.025173473222931,0.0939580518028061,-0.00257489319790059,0.0813509824301988,0.0416820380969232,-0.121557804005512,1,4,2,12,-153.603235398596,331.777899368621,4.2721261130805,0.0716204820327083
"Mid gen",0.590347432505285,-0.109911786989853,-0.069098989906668,0.0352911529544755,0.0783653409746358,0.0103628399260219,0.109029904105346,0.0358307475644841,-0.110993047516467,1,3,2,12,-157.744421669096,340.060271909621,12.5544986540799,0.00113905027657333
"Mid gen",0.611911579367138,-0.0927044377800827,-0.0433315237090948,0.0757855408192809,0.105423028047241,-0.0173161805552097,0.209009677158314,0.0506142684048178,-0.00538171866779083,2,1,1,10,-204.549930126554,429.501320107123,101.995546851582,4.31187388443118e-23
"Mid native gen",0.158344454488502,0.0535687371526945,-0.0751802662386925,-0.0319955502723524,0.0701329808980929,0.314106952958254,0.134510881574048,0.0239451463412476,-0.109169236202161,1,5,2,12,-51.322204995658,128.340062165229,0,0.444472203781965
"Mid native gen",0.163913556420341,0.0558044360161527,-0.0722026771063347,-0.0310808330698105,0.0676212281725642,0.307700018325922,0.131759929700901,0.0259500320009652,-0.107581159336468,1,3,2,12,-51.4692293833522,128.634110940617,0.294048775388433,0.38370081896158
"Mid native gen",0.159838745345728,0.059716256567103,-0.0751573721817643,-0.0332382592350402,0.0727482232489685,0.316229051918868,0.135522551514116,0.0249445500973245,-0.105253390250522,1,2,2,12,-52.7564892274232,131.208630628759,2.86856846353032,0.105911441519475
"Mid native gen",0.175164425572185,0.0632133086049848,-0.0728468005930881,-0.0346112768475249,0.0727609410243981,0.306674014708654,0.12656511868751,0.0234151036024568,-0.105092590872796,1,4,2,12,-53.3301130052346,132.355878184382,4.01581601915325,0.0596789588230084
"Mid native gen",0.104050407390142,0.0732664998774511,-0.0632056356675693,-0.0260562641413764,0.0702612169395275,0.371875372759805,0.142504303099454,0.0347657905952764,-0.08600991642759,2,1,1,10,-57.8450892920949,136.872974283115,8.53291211788553,0.00623657691397142
"Mid native spp",0.378254244861304,0.078593978683443,-0.0991505549162751,-0.0548126241612491,0.0525614346653904,0.436135940425424,0.097499415914455,4.59227263601078e-05,-0.300409235135795,1,5,2,12,-93.0715528606537,211.83875789522,0,0.433000841708406
"Mid native spp",0.402554132817438,0.0842364902172218,-0.0970041820562241,-0.0531596271251154,0.0499939753060237,0.409636691569172,0.0893876418428196,0.00510800174200379,-0.300403739342149,1,3,2,12,-93.0944635417426,211.884579257398,0.0458213621778896,0.423193275518372
"Mid native spp",0.44925282153821,0.100511031373674,-0.0851111008450466,-0.0615454346198296,0.040820620707783,0.380222422017443,0.06117835666355,0.00674040518600492,-0.300259068114152,1,4,2,12,-94.5663926809856,214.828437535884,2.98967964066389,0.0971153892652691
"Mid native spp",0.431665720224579,0.0898955260035802,-0.0890587435582325,-0.0619932618902283,0.0406149071559519,0.394058572535959,0.0805105281125638,0.00410057639493242,-0.298042357390927,1,2,2,12,-95.2987524377631,216.293157049439,4.45439915421878,0.0466904709087357
"Mid native spp",0.286873818417777,0.104280745142262,-0.113293821504992,-0.0483726328626358,0.0888971814607627,0.537126338637301,0.141261957910414,-0.00176543685363325,-0.274735415807546,2,1,1,10,-112.09631607522,245.375427849365,33.536669954145,2.25992168447741e-08
"Mid spp",1.61459084596233,0.0185959711928909,-0.127303866926669,-0.0394023267864684,0.0931368934063518,0.273029061033911,-0.0860944800395203,0.126300301519376,-0.266591768725801,1,2,2,12,-315.267842903063,655.124365051409,0,0.960751557732851
"Mid spp",1.53406337628626,0.0329123878256028,-0.0542414118708421,-0.0337988726564635,0.0298686961653802,0.30306831769346,-0.0586274896261893,0.121274121656893,-0.314005189413079,1,4,2,12,-318.465861354291,661.520401953865,6.39603690245531,0.0392400300143152
"Mid spp",1.54170980627059,0.0103500124049481,0.00952022194528267,-0.0230326928060702,-0.0209158007420721,0.287000115576982,-0.0269869783330621,0.116356706761672,-0.314393181258039,1,5,2,12,-326.921099498939,678.430878243161,23.3065131917515,8.34960751796665e-06
"Mid spp",1.58101452211619,0.0282330873403059,-0.157568832401379,-0.0401340692054569,0.116409463919183,0.268507981148448,-0.0763936214066724,0.140111202636627,-0.268402213122525,1,3,2,12,-331.813580405553,688.21584005639,33.0914750049806,6.26453155180881e-08
"Mid spp",1.35050005872901,0.0397643362441108,0.150478613653629,0.0259774400916314,0.0158616104591801,0.523421052638242,0.0736168612388832,0.157661209639247,-0.181333977633976,2,1,1,10,-456.107375521561,932.628284877709,277.5039198263,5.28932866463121e-61
"Native Andropogoneae",0.996254039269704,0.318359346847231,0.0437651391059307,-0.11847708782684,-0.159890306455583,0.227811050822606,0.0436746349620877,0.0606684378370862,-0.244495075996545,1,5,2,12,-108.173156892479,241.248047889005,0,0.709184478738359
"Native Andropogoneae",0.99177050388702,0.344136052465427,0.0302512123321139,-0.11830660821354,-0.151536263784064,0.255882266249261,0.0660242883390615,0.0626916578874063,-0.244551955877545,1,2,2,12,-109.126583812297,243.154901728641,1.90685383963637,0.27333243597067
"Native Andropogoneae",0.991007738321688,0.362226445776722,0.0300821603146344,-0.117000665960476,-0.160022807325105,0.274209386262313,0.0945269047504439,0.0628822134926,-0.248564514229509,1,4,2,12,-111.897975613643,248.697685331333,7.44963744232814,0.0171037368214442
"Native Andropogoneae",1.00288730989062,0.356736175151244,0.0375719962091992,-0.113309404703332,-0.175286090532094,0.268869595220162,0.110006784137011,0.0615111806222485,-0.246775254712244,1,3,2,12,-115.706572632515,256.314879369075,15.0668314800707,0.000379348469527476
"Native Andropogoneae",0.919755796867522,0.300414345486614,-0.20396980868465,-0.00460436880033527,-0.087944511257944,0.408747867042565,0.456428826116586,0.0481111142125054,-0.196009392808743,2,1,1,10,-192.553413323292,405.739010554629,164.490962665624,1.35519102785292e-36
"Native C3 Paniceae",0.285184353566556,-0.167444288351729,-0.151244910356768,0.0141619191075417,0.0374617207523435,0.239764964406967,0.29505224763962,0.0666449801660025,-0.443858539582896,1,5,2,12,-59.9773305836412,145.282320741751,0,0.388784264143102
"Native C3 Paniceae",0.284328158586137,-0.17074555407862,-0.153920412739878,0.0148152052979636,0.0371314519266074,0.240479453820737,0.293419788607751,0.0656024156781081,-0.448497826906482,1,3,2,12,-60.2816980331087,145.891055640685,0.608734898934927,0.286763303618147
"Native C3 Paniceae",0.291727009529724,-0.167314247435588,-0.14929410303459,0.0130755251156622,0.0316880796363105,0.234261769432656,0.276716425699229,0.0675012206590044,-0.45815126723913,1,4,2,12,-60.8058949571256,146.939449488719,1.65712874696885,0.169772656170436
"Native C3 Paniceae",0.293757965348504,-0.167228680268331,-0.150176367239574,0.0133257526761355,0.0323435783235529,0.232911905207964,0.284561151005534,0.0676496734588799,-0.451242101364161,1,2,2,12,-60.89900178968,147.125663153828,1.84334241207762,0.154679215172123
"Native C3 Paniceae",0.37772831991827,-0.0872661231700986,-0.103439058669916,-0.00154337047231926,0.0346700750826223,0.158762574150649,0.300066873778645,0.101939330523985,-0.371582844686278,2,1,1,10,-75.6260246596867,172.180319361567,26.8979986198169,5.60896191740762e-07
"Native C3",0.23890099213836,-0.0255370426874947,-0.141306825009239,0.0774658950685266,0.0155682543649455,-0.0274746410189306,0.260691172331482,0.0944974258382971,-0.384437294688512,1,2,2,12,-23.3460191977935,75.644419347968,0,0.312156858800137
"Native C3",-0.110610314368903,0.107945775596373,-0.0862094692083284,0.0881910426510065,0.0238718972515274,0.110486185732601,0.211516768213142,0.0886694641431532,-0.490823506891886,1,5,2,12,-23.4560831381004,75.8645472285817,0.220127880613745,0.279622889935098
"Native C3",0.291513577776868,-0.0360618898798313,-0.164968550767705,0.0780962346728235,0.0170939687155247,-0.0691944365788308,0.277599034410055,0.0984414980365799,-0.363133869504824,1,4,2,12,-23.561531716994,76.075444386369,0.431025038400975,0.251638439870551
"Native C3",0.394458901850233,-0.0451285536833161,-0.203755547282828,0.0855375470488208,0.017742311676637,-0.12274371667254,0.308261656579824,0.103563872908689,-0.315323502932332,1,3,2,12,-24.0376178557905,77.0276166639619,1.38319731599387,0.156320307598184
"Native C3",0.222452682313566,-0.0890513827638072,-0.265866613154674,0.177426791852131,0.170385991390478,-0.0208944811372102,0.411789549892147,0.0384149266903117,-0.335891150743197,2,1,1,10,-33.2147142749241,89.8140439344635,14.1696245864955,0.000261503796031034
"Native Chloridoideae",1.23353588987721,0.11072170829643,-0.363980234226967,0.00330663720154387,0.0503008482968542,0.0494362077555324,0.255177388837183,0.0428699154824977,-0.0400063373589262,1,5,2,12,-126.660809390278,278.205471471775,0,0.626392249977229
"Native Chloridoideae",1.26211618701403,0.105132366798563,-0.369812588878216,0.00133846773867053,0.0374964439790951,0.00780896277459451,0.243990996858945,0.0469657523317513,-0.0489403568587407,1,2,2,12,-127.63320113229,280.150254955798,1.94478348402299,0.236887425468856
"Native Chloridoideae",1.25882024943807,0.107951451956572,-0.375544500790237,0.00512327477235863,0.0422520838867773,0.0129389219213759,0.25336942948643,0.0454676923841232,-0.0419551319864137,1,4,2,12,-128.301039824744,281.485932340705,3.28046086893073,0.121479598829327
"Native Chloridoideae",1.25839640287042,0.104220968093601,-0.380850096140916,0.0180341582008215,0.0462152119069074,0.0278054553023159,0.295974508842263,0.040623228707391,-0.0208862024011526,1,3,2,12,-130.376814993708,285.637482678633,7.43201120685853,0.0152407257245883
"Native Chloridoideae",1.09975641075218,-0.0152846215429781,-0.469679316438738,0.016975408298102,0.0579078735802954,0.194803573102627,0.518426567463296,0.00567237885060364,0.0189026598026393,2,1,1,10,-199.528461893982,419.676642097823,141.471170626048,1.19336143826607e-31
"Native Paniceae",0.678706850620454,-0.0136012707424685,-0.120774552984348,-0.00752101845814306,0.0058361929858974,0.187126343759308,0.169344726604948,-0.0483237031245986,-0.263289635309704,1,4,2,12,-88.9667640283351,204.162099485242,0,0.376819416344617
"Native Paniceae",0.683466874493911,-0.0105334341789979,-0.129936447174063,-0.0201957914975492,0.015378331528376,0.172554702437958,0.161718316641477,-0.0504195200922262,-0.271588832955218,1,2,2,12,-89.058229838251,204.345031105073,0.18293161983172,0.34388257970442
"Native Paniceae",0.680934310404191,-0.0467328963287261,-0.123038034895723,0.012359183811842,-0.00695155421824684,0.20991181673386,0.195198184005685,-0.0496466925502381,-0.257391956883925,1,3,2,12,-89.8136584212576,205.855888271087,1.69378878584496,0.161559206311618
"Native Paniceae",0.709496265201133,0.00221463172772415,-0.171747962919889,-0.0463541174216184,0.047215561647302,0.133567898571126,0.144148046113241,-0.052403701521251,-0.295793989958044,1,5,2,12,-90.130081685553,206.488734799677,2.32663531443563,0.117736421951508
"Native Paniceae",0.780613621559118,-0.121684237167357,-0.209183698388073,-0.00401103590229302,0.00168913509328745,0.145391036541996,0.315309503949305,-0.0227598629707363,-0.223662357044505,2,1,1,10,-103.280636193966,228.110568162581,23.948468677339,2.37568783730692e-06
"Native species",1.86629382680427,0.32955132492353,-0.0518553645572611,-0.0421969159911514,-0.0311116780974321,0.297718196464134,0.177036904783979,0.0764095097951429,-0.212054030360036,1,2,2,12,-318.28276925196,661.072032010413,0,0.749871784889704
"Native species",1.87129898132338,0.317670466880413,-0.0554778003762538,-0.0380864972392961,-0.0296583186692153,0.298817059941943,0.214238518930445,0.0764919525253777,-0.186230237322301,1,4,2,12,-319.384200488184,663.274894482861,2.20286247244758,0.249253637424017
"Native species",1.82926338084708,0.29194548870291,-0.0485459661920273,-0.0503682652405737,-0.0148538795283101,0.274371419462607,0.0824552056426272,0.074811253851564,-0.242414431313608,1,5,2,12,-325.065386809557,674.637267125608,13.5652351151948,0.000849833085176411
"Native species",1.88128237269866,0.298307071579947,-0.0577872447818051,-0.0298594219571997,-0.0370464785775279,0.295995489955683,0.243036525206462,0.0731216036718992,-0.176572855408633,1,3,2,12,-328.601819441412,681.710132389317,20.6381003789043,2.47446011029747e-05
"Native species",1.89498016246104,0.259538222938066,-0.146069618937022,0.0211672939153587,0.0265617191638426,0.285389474476333,0.475136083601905,0.0980184373931983,-0.0607980983572347,2,1,1,10,-445.39236583836,911.140718731736,250.068686721323,3.74336041039341e-55
"Recent gen",2.22797481231303,0.176986281547611,-0.078777770895668,-0.00625089627079303,-0.156146566900897,0.0214161207067403,0.158098164773183,0.0395788922037586,-0.0788440625670852,1,2,2,12,-283.133713872003,590.646068520704,0,0.834846328307973
"Recent gen",2.2324822066891,0.205753124924986,-0.0775805839134457,-0.00364166968849636,-0.155631903686823,0.025250514751287,0.168645027808781,0.0424836303291764,-0.0783895029022551,1,4,2,12,-284.762226680518,593.903094137735,3.2570256170311,0.163814528070292
"Recent gen",2.23887715354166,0.217910752156692,-0.0655316526488414,0.00359687782484492,-0.169239600862171,0.0289997890285463,0.203106353326536,0.0452650892493464,-0.0711676846308688,1,5,2,12,-289.719847065855,603.818334908409,13.1722663877053,0.00115155646614035
"Recent gen",2.23547064037399,0.210507314207879,-0.0640076759236176,0.000525140488349408,-0.173193776935535,0.0277415251348722,0.192009856411143,0.0412547128332444,-0.0761188414062006,1,3,2,12,-291.534473253693,607.447587284085,16.8015187633805,0.000187587155595115
"Recent gen",2.22256151489094,0.297213864359365,-0.15511957863092,0.0829981965772069,-0.0409587010119519,0.0799083422675146,0.331320599793291,0.0800017938871284,-0.0176788572656342,2,1,1,10,-449.796145880881,919.858635587428,329.212567066724,2.71647627467294e-72
"Recent spp",2.88249176534084,0.198914536669055,0.0666870508143201,0.0128321849641678,-0.13773110918429,0.192224195648119,0.0119332548992397,0.0783980793700462,0.0404600848217867,1,2,2,12,-349.282706205575,723.003614658341,0,0.743670703296685
"Recent spp",2.88675162510878,0.200865945133054,0.0928682468692572,0.0112487103879416,-0.158334926211477,0.184140236861224,-0.00530412137973369,0.0789034927220491,0.0261092849080799,1,5,2,12,-350.444178204782,725.326558656755,2.32294399841385,0.232787573163965
"Recent spp",2.88023154277368,0.288042655869121,0.0834930804993457,0.019256569221039,-0.168583749068021,0.226575373631124,0.0609884873324887,0.0840153767323031,0.0320818482545466,1,4,2,12,-352.736113999061,729.910430245314,6.9068155869727,0.0235279844485038
"Recent spp",2.88383892159871,0.316775169161187,0.103518903215781,0.0248540368419157,-0.18920766623418,0.240581570452167,0.0729203176672084,0.0889728960454866,0.0345433954168962,1,3,2,12,-360.181814702128,744.801831651447,21.7982169931056,1.37390908459633e-05
"Recent spp",2.83293420749994,0.33668695375543,-0.060943205304258,0.101280904185071,-0.0583052124188226,0.352216191681656,0.359721140469858,0.0973649066699807,0.0920398027414357,2,1,1,10,-520.020239909416,1060.34860306813,337.34498840979,4.14808064236095e-74
